drs_uri,name,Participant ID,Md5sum,User Comment
drs://nci-crdc.datacommons.io/dg.4DFC/9bfcd7b8-81e4-467b-98c7-0ce3c352c5c6,6109-AS-21_S1_L005_R1_001.fastq.gz,HTA11_8920,dd83263a94c58708984c1e849742c3bd,
drs://nci-crdc.datacommons.io/dg.4DFC/37d757db-90ee-468a-8ea5-95a9fd35c398,0000351169.bam,HTA9_1,09108b26db110c4ffb174ce48f4836a4,
drs://nci-crdc.datacommons.io/dg.4DFC/7d484881-a2e1-4e94-8b85-6aa9fb877a84,0000267407.research.bam,HTA9_1,26c258a8220a4051c82e7d64c7013526,
drs://nci-crdc.datacommons.io/dg.4DFC/c8df94f3-a3bd-42ce-a528-745a763a9820,MAP.08622_polyp_2.rmdup.indel.recal.bam,HTA11_8622,7848d2003a8163cd5fe6bf9da80aebac,
drs://nci-crdc.datacommons.io/dg.4DFC/4c71a9e2-e709-410e-bc70-861c1f46afed,0000269959.targeted.bam,HTA9_1,4ba73c3e73503481d62b811973c41898,
drs://nci-crdc.datacommons.io/dg.4DFC/22e669f8-c85a-4c69-8b50-266bf30d6355,WD82325_recut_NL.rmdup.indel.recal.bam,HTA11_7696,5b9afa03d9794137f6f416c3271a16b7,
drs://nci-crdc.datacommons.io/dg.4DFC/f0e800c6-45fa-494b-9f96-a00f605e16dd,WD84621_NL.rmdup.indel.recal.bam,HTA11_99999974143,dee5fde5b49593022e450368af6f3bf4,
drs://nci-crdc.datacommons.io/dg.4DFC/e37ec33c-ad93-4d0f-b1d4-33c315adcb01,WD84223.rmdup.indel.recal.bam,HTA11_99999945365,60b98ac7e3e2d1b8fd03e177112c7ff2,
drs://nci-crdc.datacommons.io/dg.4DFC/20e4f6f2-4dcd-48a8-ace0-eb9a2105bdd7,MAP.10711_WBC.rmdup.indel.recal.bam,HTA11_10711,dfcd47cb90f38a8314a3e293844e4b7d,
drs://nci-crdc.datacommons.io/dg.4DFC/26f38ee2-4f89-4520-a8bc-ca161dff4325,WD84215.rmdup.indel.recal.bam,HTA11_99999967905,66a5ec60b5e5567d117cb1ebf85f59a8,
drs://nci-crdc.datacommons.io/dg.4DFC/3c9f955f-45a5-4844-a8d8-521f87f56e07,MAP.06310_WBC.rmdup.indel.recal.bam,HTA11_6310,8bf62bf996f8bc298fdba844ab9c472a,
drs://nci-crdc.datacommons.io/dg.4DFC/d04cf5e2-7702-40b1-81b7-888737e0963c,0000259347.research.bam,HTA9_1,4e54da4646aadb5a753fe869068450d3,
drs://nci-crdc.datacommons.io/dg.4DFC/368e419f-423a-4613-9781-a2f49d288f06,MAP.00696_WBC.rmdup.indel.recal.bam,HTA11_696,93a388c75adf38008abbaa9d8189e0d0,
drs://nci-crdc.datacommons.io/dg.4DFC/ad7113f7-565d-442c-9c16-b08339e70d0b,MAP.06147_WBC.rmdup.indel.recal.bam,HTA11_6147,7d12205faf3e3f210b2a98ea51cf010d,
drs://nci-crdc.datacommons.io/dg.4DFC/5bebe35e-d3ee-4471-88a3-d108c59a7ed4,0000322075.targeted.bam,HTA9_1,6495aaf6228ae5437fcbe9c309949a23,
drs://nci-crdc.datacommons.io/dg.4DFC/676e78de-86da-45ed-9df7-9b28d484e70c,MAP.07663_WBC.rmdup.indel.recal.bam,HTA11_7663,330f304fc1998c453d5a1f3e291b3d3c,
drs://nci-crdc.datacommons.io/dg.4DFC/7195f90d-d942-4723-b201-508e6b91319f,0000265342.research.bam,HTA9_1,6302cc0e8237721ff10bffffab004784,
drs://nci-crdc.datacommons.io/dg.4DFC/aaa2c291-00e1-4144-bf1c-d2ee324a0b91,MAP.01391_WBC.rmdup.indel.recal.bam,HTA11_1391,1aed118284e82880d0811440f6eb1106,
drs://nci-crdc.datacommons.io/dg.4DFC/56aa364f-b782-43dd-9c2c-040616b6187f,MAP.01391_polyp.rmdup.indel.recal.bam,HTA11_1391,5cb35fa723a40a5983c6cd28b5c55093,
drs://nci-crdc.datacommons.io/dg.4DFC/90b16b77-6185-43c7-9b6e-d4399ca2d707,WD84598.rmdup.indel.recal.bam,HTA11_99999944922,bc36c90be0074709733a15ee64d0a652,
drs://nci-crdc.datacommons.io/dg.4DFC/74857d7c-c170-4fd0-8063-5bdb1776c17a,0000265302.targeted.bam,HTA9_1,bfe422813533f99ce65e8e4bb40afdfd,
drs://nci-crdc.datacommons.io/dg.4DFC/4f17dc8c-bde4-403a-8477-9aa003ff9550,MAP.00696_polyp.rmdup.indel.recal.bam,HTA11_696,67dc02fe6b6c8fe9126e395be25e0788,
drs://nci-crdc.datacommons.io/dg.4DFC/6f1f3833-cea5-4c05-8f39-3775e46efdd7,0000264005.research.bam,HTA9_1,ac2a12f819bf5f211ba05bf9b6ba0422,
drs://nci-crdc.datacommons.io/dg.4DFC/1c583f50-143d-45e7-9f44-1346112da8ec,MAP.06134_polyp.rmdup.indel.recal.bam,HTA11_6147,9842f5611cdecdffb8bf2aa5c2156fc7,
drs://nci-crdc.datacommons.io/dg.4DFC/35c9ae28-50a5-48fe-9f57-bae72615621b,WD84608.rmdup.indel.recal.bam,HTA11_99999937744,7e83d56ef790cd12cc286090fbe8a100,
drs://nci-crdc.datacommons.io/dg.4DFC/b5bdfc54-1411-48f7-aafd-a6f6582aa62e,WD84308_NL.rmdup.indel.recal.bam,HTA11_99999973899,f389accb818c8a50213c48f607575481,
drs://nci-crdc.datacommons.io/dg.4DFC/be2878d4-62cf-4335-a660-02aa9034e054,MAP.05363_polyp.rmdup.indel.recal.bam,HTA11_5363,9fd374fb4233b5859f0f2f222fcf2c15,
drs://nci-crdc.datacommons.io/dg.4DFC/4cefc68b-6fc6-485e-8b45-e128f4f2069a,MAP.03918_WBC.rmdup.indel.recal.bam,HTA11_3918,e446818dbae4c3b47fabd4dbcdcc301e,
drs://nci-crdc.datacommons.io/dg.4DFC/652b4ebc-e46e-4aa3-a4a4-30a3b4519045,WD84216.rmdup.indel.recal.bam,HTA11_99999954273,6af7cf7fab4952c2aa0c66f653210a5c,
drs://nci-crdc.datacommons.io/dg.4DFC/d2bd8427-ca43-4f12-854d-6fc9a33f87da,0000321955.targeted.bam,HTA9_1,9810cc776707cb71efd05f17bdcdf55f,
drs://nci-crdc.datacommons.io/dg.4DFC/ed18610c-365c-425d-9d9e-d08208958651,MAP.05212_polyp.rmdup.indel.recal.bam,HTA11_5212,f9721c71a799a4a402fcf575cdeae11c,
drs://nci-crdc.datacommons.io/dg.4DFC/3815fea8-c9b3-4a4f-bd78-39a0df464978,WD84600.rmdup.indel.recal.bam,HTA11_99999949347,07e4f7743d796460124800e853785c9a,
drs://nci-crdc.datacommons.io/dg.4DFC/888bad6f-1e35-4e1f-9fdf-eade8544afac,0000321955.research.bam,HTA9_1,d15dcf71ee1deddc60b46fd6f4896bb3,
drs://nci-crdc.datacommons.io/dg.4DFC/0732b3ce-c480-4ae2-9b04-9b685e8301a1,WD84607.rmdup.indel.recal.bam,HTA11_99999931160,ba19c0988202f42ba95a465a14487245,
drs://nci-crdc.datacommons.io/dg.4DFC/e883198a-ef1c-4a31-b1ee-ff3b619c4ca5,MAP.02235_polyp.rmdup.indel.recal.bam,HTA11_2235,433a0355cfacd0fc927c19f02bac5181,
drs://nci-crdc.datacommons.io/dg.4DFC/677829a3-2d6e-46e4-8851-43f2e39178e0,WD84596.rmdup.indel.recal.bam,HTA11_99999959667,0b2c9a54e304f4536ef48efcba140418,
drs://nci-crdc.datacommons.io/dg.4DFC/811102ee-fe87-473d-98f8-2b61edc2c0a5,0000265357.research.bam,HTA9_1,81e6940992b468a48322a61ff631ae87,
drs://nci-crdc.datacommons.io/dg.4DFC/fd9b1604-8527-4499-bef1-af9571543bc2,MAP.06025_polyp.rmdup.indel.recal.bam,HTA11_6025,975252b2dc18d4c69f02a3fc129e6bd0,
drs://nci-crdc.datacommons.io/dg.4DFC/1e9a1459-9c6e-4963-bfd3-cf844e100b76,MAP.06025_WBC.rmdup.indel.recal.bam,HTA11_6025,1ade6a9a1b9054f546dcde0ecfcd6d70,
drs://nci-crdc.datacommons.io/dg.4DFC/44c4c431-8efa-49a3-af00-a7e5c2a3304f,MAP.03331_WBC.rmdup.indel.recal.bam,HTA11_3331,f09a82078293d99d0831d2d0c36917c9,
drs://nci-crdc.datacommons.io/dg.4DFC/ab6ba599-483a-4155-824a-f140b3a2c58c,MAP.05212_WBC.rmdup.indel.recal.bam,HTA11_5212,ff4647236a83d3caa0f7387e5dd5c874,
drs://nci-crdc.datacommons.io/dg.4DFC/d31d8342-92d4-4d91-85fb-9eb3b06c0c40,MAP.01938_polyp.rmdup.indel.recal.bam,HTA11_1938,ee01019db88df937f293c5833f1c5fbe,
drs://nci-crdc.datacommons.io/dg.4DFC/09300d20-599a-4ce1-99f8-feb0fdf3ca9a,MAP.02235_WBC.rmdup.indel.recal.bam,HTA11_2235,face2f5feaefd82dd57ad70b931d9c65,
drs://nci-crdc.datacommons.io/dg.4DFC/b4eb1574-f23f-4edc-8698-a48bcf3463a8,MAP.04255_WBC.rmdup.indel.recal.bam,HTA11_4255,1bf2f23722096c55db97a4180f69c337,
drs://nci-crdc.datacommons.io/dg.4DFC/922c3037-ab8a-49db-9633-e9620b5f0213,WD81661_malignant.rmdup.indel.recal.bam,HTA11_99999970781,9db127442d3d5e1129ed13da5a732666,
drs://nci-crdc.datacommons.io/dg.4DFC/438dc536-bfe0-43a4-bdf4-d4f17850774b,WD84606.rmdup.indel.recal.bam,HTA11_99999950679,d5b26841d8428a70f40562f67ebe23d3,
drs://nci-crdc.datacommons.io/dg.4DFC/0ed4bd91-6e54-4e22-8826-26e358e61a04,WD84220.rmdup.indel.recal.bam,HTA11_99999952741,26dc1a2677374d0f20a8673c2ccead80,
drs://nci-crdc.datacommons.io/dg.4DFC/0f80abe2-cd14-4524-b434-69e42d97e6af,WD69815.rmdup.indel.recal.bam,HTA11_99999965104,e64d2b593b02472a746d0faa67fccd98,
drs://nci-crdc.datacommons.io/dg.4DFC/ecc078ba-c218-452f-8441-08eb83a51654,MAP.06310_polyp.rmdup.indel.recal.bam,HTA11_6134,0158ca55019f1d00708e903d687fcbdd,
drs://nci-crdc.datacommons.io/dg.4DFC/62060b50-3137-4dfd-b01b-b364e6ac223b,MAP.06134_WBC.rmdup.indel.recal.bam,HTA11_6134,f58ed9db04ec14a29769ff9d14e55416,
drs://nci-crdc.datacommons.io/dg.4DFC/7353c6aa-3c04-49b8-9c1e-ecc76c3c73f8,WD84620_CRC.rmdup.indel.recal.bam,HTA11_99999974143,4ea22df0aba9fee9f9506b811ec0de19,
drs://nci-crdc.datacommons.io/dg.4DFC/7bdfb03c-24ff-4ae8-aae7-080fb239fe2d,WD84604.rmdup.indel.recal.bam,HTA11_99999965122,32a39e3661ed31fcefbc1beff079d154,
drs://nci-crdc.datacommons.io/dg.4DFC/68b2a263-95a0-4234-9bb6-23a52c8dfe20,MAP.10623_WBC.rmdup.indel.recal.bam,HTA11_10623,916543420a712f766fc6640af43fc6a9,
drs://nci-crdc.datacommons.io/dg.4DFC/b997e380-016d-49da-9908-284be0be0c92,MAP.06147_polyp.rmdup.indel.recal.bam,HTA11_6310,170f47cf3122b50e4f07ccda4bf29f64,
drs://nci-crdc.datacommons.io/dg.4DFC/2eb8bac8-1aa4-4891-9503-33468a2aaa11,MAP.08920_WBC.rmdup.indel.recal.bam,HTA11_8920,f6f09236cb165572d7a1bc49eecd6a55,
drs://nci-crdc.datacommons.io/dg.4DFC/844c2c24-7ec7-41c0-8482-c1a4b181ed45,MAP.04781_polyp.rmdup.indel.recal.bam,HTA11_4781,410f56d9ba9ece58453a5d7dd7557f6c,
drs://nci-crdc.datacommons.io/dg.4DFC/3c4a436f-48f4-4e4c-ab23-62cecdcbb119,MAP.00866_blood.rmdup.indel.recal.bam,HTA11_866,eeb99a7cb77c39836547f2c842ac096e,
drs://nci-crdc.datacommons.io/dg.4DFC/6f9819d4-a473-40cc-b7f8-03232be2e4d0,WD84222.rmdup.indel.recal.bam,HTA11_99999932541,fd39dcdb5451aa5c1fd165f9837e450d,
drs://nci-crdc.datacommons.io/dg.4DFC/ad7e9cc9-77a2-4eaa-a41a-97c5b0640798,0000321955.bam,HTA9_1,c753aa9875d9af09f0a0f2389fe77413,
drs://nci-crdc.datacommons.io/dg.4DFC/0b76dd29-0534-42da-950b-667c35e9dd6d,MAP.09341_polyp.rmdup.indel.recal.bam,HTA11_9341,b48cadea825ae79f0f0dcc1360bd56e6,
drs://nci-crdc.datacommons.io/dg.4DFC/05695977-6c02-4976-b5f0-dd4ec9eb7748,WD84226.rmdup.indel.recal.bam,HTA11_99999959460,0a11d5b4ae14a0f2ca9d5a7d21a612e5,
drs://nci-crdc.datacommons.io/dg.4DFC/867e3f07-1174-4055-8083-402e86da7ade,WD84307_CRC.rmdup.indel.recal.bam,HTA11_99999973899,aaf8e414f64334b78c32f50771b914a4,
drs://nci-crdc.datacommons.io/dg.4DFC/a7e061bc-2779-4d31-b07c-9e2286850e4a,0000265302.research.bam,HTA9_1,e2b123c60e169554d17b564ac6a14cae,
drs://nci-crdc.datacommons.io/dg.4DFC/07b66372-fa70-4c85-b37a-e5c4e65d7e29,MAP.02487_WBC.rmdup.indel.recal.bam,HTA11_2487,67b442029b6f225ad88827b1d4a5354c,
drs://nci-crdc.datacommons.io/dg.4DFC/255561f1-6a53-49a3-b351-52f5fdc3d9a7,MAP.07862_polyp.rmdup.indel.recal.bam,HTA11_7862,ffc8460c425a389959d31b5af9d7a6e1,
drs://nci-crdc.datacommons.io/dg.4DFC/7b865864-a8a5-443b-9b93-4f2fe2cae4b3,MAP.05216_WBC.rmdup.indel.recal.bam,HTA11_5216,17429ab39753170465e58e3a0c4efc00,
drs://nci-crdc.datacommons.io/dg.4DFC/1ffa6efa-0bd9-433b-bf91-6ac5848a586b,WD84224.rmdup.indel.recal.bam,HTA11_99999966659,3bc0ea97c31ae4f13a40a1cf59bea45c,
drs://nci-crdc.datacommons.io/dg.4DFC/1653f7c0-5abb-45ab-a3de-256a65d3a65f,MAP.10623_polyp.rmdup.indel.recal.bam,HTA11_10623,c4152ed2a200f4f71f37283009691549,
drs://nci-crdc.datacommons.io/dg.4DFC/75309faa-f31a-4231-a52d-532365d9afa3,0000351169.research.bam,HTA9_1,5e337eb50b097dba3c261807120ffb17,
drs://nci-crdc.datacommons.io/dg.4DFC/aa752111-8474-49db-ab07-ecfc905061d4,MAP.08622_polyp_1.rmdup.indel.recal.bam,HTA11_8622,78ce0d865ca61012709af1f028e6e641,
drs://nci-crdc.datacommons.io/dg.4DFC/bda0957d-902a-46cd-899b-9ed18620172b,WD84218.rmdup.indel.recal.bam,HTA11_99999943360,bfd1d09cee1aa447a9a3ed7a03274eb1,
drs://nci-crdc.datacommons.io/dg.4DFC/6e4aa34a-e151-45ee-b84b-b190812f8489,MAP.06801_WBC.rmdup.indel.recal.bam,HTA11_6801,2f80287659289b104ef6d4002b92eec4,
drs://nci-crdc.datacommons.io/dg.4DFC/3af442b1-ad27-4af4-9c11-884ba37b70d5,0000322075.bam,HTA9_1,a981a766e6fe202e38de3b4dd3d366df,
drs://nci-crdc.datacommons.io/dg.4DFC/3c6aa2c3-6061-4155-bafd-25a42afdf24f,MAP.10711_polyp.rmdup.indel.recal.bam,HTA11_10711,e091ea3cfded057f75cde82616058052,
drs://nci-crdc.datacommons.io/dg.4DFC/bfb5faa8-d41e-4b17-8eb3-86f176a90182,WD69753_54.rmdup.indel.recal.bam,HTA11_99999965062,3aea86dfde4a9a0cf270fc9dbf9bcbc5,
drs://nci-crdc.datacommons.io/dg.4DFC/b4ce0ad5-78cb-4989-a6c2-59466cfb4e54,MAP.08622_biopsy.rmdup.indel.recal.bam,HTA11_8622,78647c55c528799978f0d2197f0bc5b2,
drs://nci-crdc.datacommons.io/dg.4DFC/df85b1a6-577a-425e-8e9c-4f3bb7d35f54,WD81662_normal.rmdup.indel.recal.bam,HTA11_99999970781,a1993bd46a32389379187d8546a87b55,
drs://nci-crdc.datacommons.io/dg.4DFC/52562b0b-06e4-4507-9af3-c60ea2e23a86,MAP.10167_polyp.rmdup.indel.recal.bam,HTA11_10167,8113acff95f8849acae563726b6e77a4,
drs://nci-crdc.datacommons.io/dg.4DFC/26af3629-6c40-4904-80f3-0b97a51cd368,WD84225.rmdup.indel.recal.bam,HTA11_99999959180,1d5a926f268955a8a38039858f5d33f0,
drs://nci-crdc.datacommons.io/dg.4DFC/85966a46-a8fa-4bc1-b81b-1b41b3c103f5,MAP.00866_WBC.rmdup.indel.recal.bam,HTA11_866,eaf5f98dd036f67e8b35dfc640bf902f,
drs://nci-crdc.datacommons.io/dg.4DFC/543c3e75-7895-4cd4-8984-e1888bea19e1,MAP.09341_WBC.rmdup.indel.recal.bam,HTA11_9341,a94c47b7c1f98cc0497c8dc911b3ab86,
drs://nci-crdc.datacommons.io/dg.4DFC/fa96c9ac-4bee-44ba-ae7f-287a392fc617,WD82458_NL.rmdup.indel.recal.bam,HTA11_99999971662,691dd4912c2c1076a93464fa8a5288ae,
drs://nci-crdc.datacommons.io/dg.4DFC/8a3a94d2-e296-4f04-8408-ee3b6dc12a64,WD82324_Ad.rmdup.indel.recal.bam,HTA11_7696,0c38626410861a82fc8320abd01d3481,
drs://nci-crdc.datacommons.io/dg.4DFC/69b7b392-5eef-4b24-802f-adb70acd9891,MAP.07663_polyp.rmdup.indel.recal.bam,HTA11_7663,ba3e1e943a4415d0a5d84619e9b3dca2,
drs://nci-crdc.datacommons.io/dg.4DFC/b888371a-d22d-4e15-adca-39b267942dfc,WD84603.rmdup.indel.recal.bam,HTA11_99999957579,687492ee6a1f8ef994ef5d0af15c1d24,
drs://nci-crdc.datacommons.io/dg.4DFC/9a4bdf0f-5fd0-48b2-a01d-f426050d2357,0000259357.research.bam,HTA9_1,0251faa97476c8e5f6d7df07978b8039,
drs://nci-crdc.datacommons.io/dg.4DFC/3ee6fe4e-4b0d-4739-a77c-a93d69ca25d6,0000254583.research.bam,HTA9_1,a30aaa183b995790bc9e964934d79ad8,
drs://nci-crdc.datacommons.io/dg.4DFC/39f1d17f-a97b-4b78-a16f-08515de589bc,MAP.05216_polyp.rmdup.indel.recal.bam,HTA11_5216,a35bdbb249f1dd885c06c55a9798d628,
drs://nci-crdc.datacommons.io/dg.4DFC/6dc8a944-6351-424f-90b5-b00ee12e6f11,MAP.00347_WBC.rmdup.indel.recal.bam,HTA11_347,3e235a20b48f8a2d999b89629f7ae101,
drs://nci-crdc.datacommons.io/dg.4DFC/000053ce-7c13-47af-93e1-460c6e3b7865,MAP.07862_WBC.rmdup.indel.recal.bam,HTA11_7862,3166ef3a561447003f9981276dc73e84,
drs://nci-crdc.datacommons.io/dg.4DFC/c0033f1d-3ce0-4dfb-b1d9-c88566300163,WD84219.rmdup.indel.recal.bam,HTA11_99999915775,176a534da6d6b734661eb92c9b8d9554,
drs://nci-crdc.datacommons.io/dg.4DFC/90475638-e6b0-48b8-988e-d8546c40f727,WD84221.rmdup.indel.recal.bam,HTA11_99999933430,fc6dd5b73f48d36f2e69c9ca8c21e36f,
drs://nci-crdc.datacommons.io/dg.4DFC/f11e13b0-6300-4458-b670-817acac3907b,0000269958.targeted.bam,HTA9_1,220272b769ea5f677808ae72cc4bef61,
drs://nci-crdc.datacommons.io/dg.4DFC/7bd16d26-d7a7-4f50-b497-4bead73b39b3,MAP.05363_WBC.rmdup.indel.recal.bam,HTA11_5363,6a71d248cf8f8b9be1b7ad601f44bee5,
drs://nci-crdc.datacommons.io/dg.4DFC/f5c1ced4-4ae8-43e9-9428-8daa890d4e0b,MAP.00866_polyp_5234.rmdup.indel.recal.bam,HTA11_866,c3bb204f8f4bd3685b6f36e07eff7e22,
drs://nci-crdc.datacommons.io/dg.4DFC/ba5ce8c0-9024-47bb-be93-4db501d1b42f,WD82457_CRC.rmdup.indel.recal.bam,HTA11_99999971662,afea3ddf6db55004e4455d477afbc1bb,
drs://nci-crdc.datacommons.io/dg.4DFC/dfa81c60-a4da-4940-afab-3fa778da81a7,MAP.04781_Buccal.rmdup.indel.recal.bam,HTA11_4781,218af735a5d05979fc76767556615802,
drs://nci-crdc.datacommons.io/dg.4DFC/dda0bd16-eb6f-439f-8b79-f3040dbc6c1c,MAP.02487_polyp.rmdup.indel.recal.bam,HTA11_2487,4d57e6c0c2afe7efb6f1d5e8f15aea08,
drs://nci-crdc.datacommons.io/dg.4DFC/0ad889e5-5164-4541-97eb-c1e176dc3c91,0000260803.research.bam,HTA9_1,e7caadd32b5068eef3e99b737cfdd754,
drs://nci-crdc.datacommons.io/dg.4DFC/e87699d0-bd81-49ff-be30-f4d4b96cfd1d,MAP.10167_WBC.rmdup.indel.recal.bam,HTA11_10167,5d2cabfcfa2adf098c0a9792d5db5fe9,
drs://nci-crdc.datacommons.io/dg.4DFC/12d19f87-953c-42e4-9c69-f02e1ad26b91,WD84595.rmdup.indel.recal.bam,HTA11_99999954617,46f0577a0bd7d2997f4cb8193fdae90f,
drs://nci-crdc.datacommons.io/dg.4DFC/5b4a3781-389e-4c7d-b585-9da785da7fd0,MAP.03918_polyp.rmdup.indel.recal.bam,HTA11_3918,1e2d0ba1cdb6091223b75188938171ae,
drs://nci-crdc.datacommons.io/dg.4DFC/80240111-dd89-4d4b-ab41-b9f6a1cf07cf,WD84217.rmdup.indel.recal.bam,HTA11_99999956032,4ecdd4cea8b06938860c5666d7dd2c6d,
drs://nci-crdc.datacommons.io/dg.4DFC/574fcb0e-6bef-4109-a8d1-fa6edf98a375,WD84599.rmdup.indel.recal.bam,HTA11_9999991586,93cd73ff11f51465fe24eda1599c9318,
drs://nci-crdc.datacommons.io/dg.4DFC/7de8db49-8850-46c5-bfb4-07ced2077c02,0000264005.targeted.bam,HTA9_1,dbe46b8f9d1972c50d38fdb84bea85e7,
drs://nci-crdc.datacommons.io/dg.4DFC/d6205687-ee9b-4941-acef-4ef9a9285638,0000322075.research.bam,HTA9_1,67c57a6e509de18b220784ac3755fc8f,
drs://nci-crdc.datacommons.io/dg.4DFC/0718eaae-4bd9-482d-a3e4-fc9ba4405ac6,0000259348.research.bam,HTA9_1,172896c46a7bc5ee7170fde3c457bfaf,
drs://nci-crdc.datacommons.io/dg.4DFC/e0e8c553-9dec-442f-902e-8c1ea5e9c637,WD69814.rmdup.indel.recal.bam,HTA11_99999965104,7b3d357bed6e0eef9ae9a12f67528175,
drs://nci-crdc.datacommons.io/dg.4DFC/e653b939-0450-47cf-a5a3-5dab28b1708f,MAP.03331_polyp.rmdup.indel.recal.bam,HTA11_3331,68aa1f1c7ce74dd15900c0796e8ad3fe,
drs://nci-crdc.datacommons.io/dg.4DFC/fe17bce4-52ba-41bb-b82d-db3ae0e2981e,WD84602.rmdup.indel.recal.bam,HTA11_99999930884,5922dd47d83a532d2f166bf1d2411276,
drs://nci-crdc.datacommons.io/dg.4DFC/a65a864c-eb70-41c0-93ac-0d87fa504695,WD84594.rmdup.indel.recal.bam,HTA11_99999959600,76b4241bfbbe128920d87a36c49be9f3,
drs://nci-crdc.datacommons.io/dg.4DFC/98a4d482-5ac1-402f-b2a0-71fac1872f16,MAP.04255_polyp.rmdup.indel.recal.bam,HTA11_4255,c017c42f5974cac9b7c9e957f111f212,
drs://nci-crdc.datacommons.io/dg.4DFC/122df984-8c7f-4598-9f32-a0e3383c9d01,MAP.00347_polyp.rmdup.indel.recal.bam,HTA11_347,00a1ea33b562b19b5156adc040ddacbc,
drs://nci-crdc.datacommons.io/dg.4DFC/c54e7e74-f05e-4e0f-9f78-aa96aafa8fb9,WD69756.rmdup.indel.recal.bam,HTA11_99999965062,f169aba981113d5a5e06f356003b49c7,
drs://nci-crdc.datacommons.io/dg.4DFC/371a43ed-11bd-466f-ab65-dc0adb9f1f17,MAP.01938_Clot.rmdup.indel.recal.bam,HTA11_1938,d754b8f0f9c30ab6818afb125207349b,
drs://nci-crdc.datacommons.io/dg.4DFC/7a505531-9ca9-487f-bcf5-7efed04a10b3,MAP.08920_polyp.rmdup.indel.recal.bam,HTA11_8920,edc1b80d96f4d7e76095956b232f84ba,
drs://nci-crdc.datacommons.io/dg.4DFC/cd680b1f-44cc-4945-b175-c9be96879003,WD84605.rmdup.indel.recal.bam,HTA11_99999916984,b2a7b9f65cd66a713e6e8d5008a53ab5,
drs://nci-crdc.datacommons.io/dg.4DFC/1429c9fe-5812-4246-b085-6d44f1da3f1b,5234-AS-41-TTGGAGCCTG-AGGTGTCCGT_S01_L005_R2_001.fastq.gz,HTA11_5216,e92216136a3c9ce742e4b9ba52f89abb,
drs://nci-crdc.datacommons.io/dg.4DFC/f6b13a76-5c4c-4338-9495-0c161dacd358,5813-AS-10_S1_L005_R1_001.fastq.gz,HTA11_99999966659,1a9e2d3b213cf408e1bccb9eba2abcab,
drs://nci-crdc.datacommons.io/dg.4DFC/1946ec10-57a0-49f9-bc6f-64f844b534f9,6109-AS-24_S1_L005_R1_001.fastq.gz,HTA11_10711,a0321339fac9d3cd242859a5fa19672f,
drs://nci-crdc.datacommons.io/dg.4DFC/8e311d0e-61df-49a9-b12f-c1058b5325fd,HVMCYDSXY_AGGTAAGATG-TGTTCTCTTC_L001_R2.fastq.gz,HTA12_28,562001a3ca643f3aaca90bb887abc982,
drs://nci-crdc.datacommons.io/dg.4DFC/54ba4da5-ab1f-4ff5-92d2-f66c1cf92351,HVMCYDSXY_AGGTAAGATG-TGTTCTCTTC_L001_R1.fastq.gz,HTA12_28,9b3485e110e8b1d92f6ea43cce7cc9b1,
drs://nci-crdc.datacommons.io/dg.4DFC/750a8349-6c6c-4fa1-9a10-f58562f5d6cd,6205-AS-4_S1_L005_R2_001.fastq.gz,HTA11_99999973899,cf500b1e8347f025fbd24e0b41d436a0,
drs://nci-crdc.datacommons.io/dg.4DFC/b3435b33-21f1-443b-b646-50a714c4c039,5813-AS-23_S1_L005_R1_001.fastq.gz,HTA11_99999916984,bfa213cccd482f7a829b0a58a6bb18bb,
drs://nci-crdc.datacommons.io/dg.4DFC/f4212bf4-4ec9-4bda-bc3f-4fb493a85f3d,5234-AS-55-AAGGAAGGAA-CGGAATCGTG_S01_L005_R1_001.fastq.gz,HTA11_2487,49282b81c09da71c874e76743be4bdb1,
drs://nci-crdc.datacommons.io/dg.4DFC/fdd9089b-920a-42cb-8b37-bc7ae8d00087,HVMCYDSXY_AGCGTTGTAG-TAGAAGATCG_L001_R2.fastq.gz,HTA12_27,04888801a2893265018f4626dd5cc9ac,
drs://nci-crdc.datacommons.io/dg.4DFC/4121dea2-162a-4d2c-876c-5ab4232e5d0d,6109-AS-18_S1_L005_R2_001.fastq.gz,HTA11_3918,6467163d3956c94dde885460e025fd32,
drs://nci-crdc.datacommons.io/dg.4DFC/430e00fa-1a36-43c6-beec-8529fa120aca,HLLJWDSXY_GTGCACATGG-ACAGGTTCTT_L003_R1.fastq.gz,HTA12_29,75baf3b56c9647fb987a5e86dfa72428,
drs://nci-crdc.datacommons.io/dg.4DFC/61ec0df6-9eb4-495f-a149-f38b2e93782a,5813-AS-3_S1_L005_R2_001.fastq.gz,HTA11_99999956032,7200d62cb3fdd5f91bb9cc329f73cc6d,
drs://nci-crdc.datacommons.io/dg.4DFC/1c5d3056-9339-40da-9157-513bf913f445,6109-AS-14_S1_L005_R2_001.fastq.gz,HTA11_6147,94a4bdf1d96d4d8a45ff2dc106900ccc,
drs://nci-crdc.datacommons.io/dg.4DFC/f7fd5262-612b-49d1-90b1-ac8400f9aa72,5234-AS-57-CAGAAGATGG-TTCTCCGGAA_S01_L005_R1_001.fastq.gz,HTA11_5363,95d61b43da32c7e052b49da7b9119e63,
drs://nci-crdc.datacommons.io/dg.4DFC/045966d4-06d9-42f0-a85c-98bfcf4ee833,HVMCYDSXY_TCGGCCAAGT-ACATTACTCG_L001_R2.fastq.gz,HTA12_25,acebbe494ffe13111415dd8b267a9153,
drs://nci-crdc.datacommons.io/dg.4DFC/20514213-a223-452b-9bd2-01e5337504c3,6109-AS-34_S1_L005_R1_001.fastq.gz,HTA11_10711,1cfde950d460b6a7e4b711e52d18a1b4,
drs://nci-crdc.datacommons.io/dg.4DFC/e9bbdaa6-d5e6-4ff7-9fe5-469eda855bdc,HLLJWDSXY_CCAGTGGATA-GACAGTCCAC_L003_R1.fastq.gz,HTA12_30,61d32e6618e512b89c5b025570953dd2,
drs://nci-crdc.datacommons.io/dg.4DFC/1abd15c8-4e64-4aa3-960d-bd71a957926e,6109-AS-17_S1_L005_R1_001.fastq.gz,HTA11_8622,e1b11ab5d4ad5fb0cf095a2dd8f21266,
drs://nci-crdc.datacommons.io/dg.4DFC/947c1afb-f72e-45b9-8fd3-3346e99a7769,5813-AS-20_S1_L005_R1_001.fastq.gz,HTA11_99999930884,20d4d32a2898131fedca77f3ec17ed86,
drs://nci-crdc.datacommons.io/dg.4DFC/e550b140-b479-4244-a619-6ac38434fb50,6109-AS-21_S1_L005_R2_001.fastq.gz,HTA11_8920,57b87bfb6b5f06e35b84d896cc93584f,
drs://nci-crdc.datacommons.io/dg.4DFC/221d00e9-ae52-44e9-ad42-9604b4a96549,6109-AS-17_S1_L005_R2_001.fastq.gz,HTA11_8622,d10ee520bb1bf72251266969d221be77,
drs://nci-crdc.datacommons.io/dg.4DFC/66bec605-3c0f-4275-b496-b724af6be134,5234-AS-62-CGCATCACCT-GATAGACAGT_S01_L005_R2_001.fastq.gz,HTA11_5212,07695886f38673affb00a07c16f454d2,
drs://nci-crdc.datacommons.io/dg.4DFC/58ce0c58-d19d-4c0d-9258-a5627a20e66c,6109-AS-13_S1_L005_R2_001.fastq.gz,HTA11_6310,02282a3882ab2b18bed30396d5ae63d9,
drs://nci-crdc.datacommons.io/dg.4DFC/16c58419-f0d3-4135-8ac1-289700f706c8,5234-AS-58-ACCTGGACAA-CGCTTATCTG_S01_L005_R2_001.fastq.gz,HTA11_1391,1aa54055e62d7a8d52eddce0999b60d4,
drs://nci-crdc.datacommons.io/dg.4DFC/9bca8eaa-cb85-4374-91da-9d195a9f25a1,6205-AS-10_S1_L005_R1_001.fastq.gz,HTA11_7696,b8abd67eb17ba318b03755dc43866583,
drs://nci-crdc.datacommons.io/dg.4DFC/49cc2179-c501-46d0-b815-a945771ca375,5813-AS-3_S1_L005_R1_001.fastq.gz,HTA11_99999956032,9ace3c690a067c4551ec0795e4d7d5d0,
drs://nci-crdc.datacommons.io/dg.4DFC/2207b497-8554-4136-8e90-7de7fe28f02e,6109-AS-18_S1_L005_R1_001.fastq.gz,HTA11_3918,e9924cb745fadd86d5c3a8d9fc6b03a3,
drs://nci-crdc.datacommons.io/dg.4DFC/f4362ecc-20f4-4d9d-bf1f-999480134376,5234-AS-69-TTAAGGTCGG-CTCTTAGATG_S01_L005_R1_001.fastq.gz,HTA11_347,511ee446cc43628f2dd3872fefa57778,
drs://nci-crdc.datacommons.io/dg.4DFC/cf1263b7-ee8a-4c6b-b0f5-bbe9a1ab93c8,6109-AS-4_S1_L005_R1_001.fastq.gz,HTA11_2235,b8e968d94360ac5b45a61f0595074da9,
drs://nci-crdc.datacommons.io/dg.4DFC/c4a9319f-6106-4455-bf90-8a8530f09438,HLLJWDSXY_TCTAGACAGG-GCGATTAGAA_L002_R2.fastq.gz,HTA12_30,9a7a26aa8801ef97ef1f2ec9e8f33652,
drs://nci-crdc.datacommons.io/dg.4DFC/a08cbca6-9493-4f7e-8054-1c6d31ee233e,6109-AS-34_S1_L005_R2_001.fastq.gz,HTA11_10711,1ea050e4be501af918d6d7013b899372,
drs://nci-crdc.datacommons.io/dg.4DFC/cf18702b-469c-4a1d-b2e6-6a514b893a7c,6109-AS-2_S1_L005_R1_001.fastq.gz,HTA11_1391,9c9336538d12a7391667a87bc9b01208,
drs://nci-crdc.datacommons.io/dg.4DFC/7d8f2b39-dbb0-4b52-99cb-af20cb0376ff,5234-AS-38-GAATGGAGAA-CATACGCCAG_S01_L005_R1_001.fastq.gz,HTA11_1938,03759e6faef805b209ead1f0b42d699d,
drs://nci-crdc.datacommons.io/dg.4DFC/0a8806db-f66e-4d08-9d8a-d3dd7fb1249a,5813-AS-4_S1_L005_R1_001.fastq.gz,HTA11_99999943360,c4218ac41e26d6c5699ebd5e9a54f277,
drs://nci-crdc.datacommons.io/dg.4DFC/65de7859-f396-4af1-8e64-d47cf4603a3d,5813-AS-2_S1_L005_R2_001.fastq.gz,HTA11_99999954273,154e66be55d9075f373b05e39c5e16d8,
drs://nci-crdc.datacommons.io/dg.4DFC/9dcd3e62-6ddd-45b2-a58b-c18283dd7156,5234-AS-51-GATAACTCCG-TAGCCGAATC_S01_L005_R2_001.fastq.gz,HTA11_6310,c5071f6e1fd2b76d2f2370bff4640848,
drs://nci-crdc.datacommons.io/dg.4DFC/950dff8b-efbd-49c5-b577-a7577458b849,HFWW5DSXY_AACCTGCATA-GCATAACGTA_L001_R1.fastq.gz,HTA12_24,e99af350dcd51ea86ecc18cfd2451931,
drs://nci-crdc.datacommons.io/dg.4DFC/fcf0ca66-aed1-4d6b-8d5a-db7b81e036da,5234-AS-40-AAGACTACAC-CAATACCTTG_S01_L005_R1_001.fastq.gz,HTA11_4781,69bf0a110948824a076db169f36ec3c6,
drs://nci-crdc.datacommons.io/dg.4DFC/f7633b3f-58bb-43ff-8f87-cb76c0985655,6109-AS-10_S1_L005_R2_001.fastq.gz,HTA11_5363,d750bc4b5d72d929a25986b760c655c9,
drs://nci-crdc.datacommons.io/dg.4DFC/4edc2d86-84c1-495b-9f8e-2698875f84ac,5173-AS-2_S73_R2_001.fastq.gz,HTA11_99999965062,c2ca4c868eb08622367c53fcfe3e2461,
drs://nci-crdc.datacommons.io/dg.4DFC/0a5a5c7e-7553-49fd-a90c-9bbcdb3e2b4f,HLLJWDSXY_GTCCTTAGTG-GCATCTTCTT_L002_R2.fastq.gz,HTA12_31,649f64463590b901df9e76cbe6b0c309,
drs://nci-crdc.datacommons.io/dg.4DFC/22697f43-86bb-4e79-8619-7dd984070b44,MAP.06801_polyp.rmdup.indel.recal.bam,HTA11_6801,901216c40baa5aaefc2eafe961f6c4b3,
drs://nci-crdc.datacommons.io/dg.4DFC/8d319a47-46c5-428e-a383-73c070f65aa3,5813-AS-26_S1_L005_R2_001.fastq.gz,HTA11_99999937744,fb71950f81ea1254cb5cc6e6b3729eb3,
drs://nci-crdc.datacommons.io/dg.4DFC/7c2639c2-5879-4fbf-b230-b36a87ee2adb,5173-AS-1_S72_R1_001.fastq.gz,HTA11_99999965062,94b9017f44440c71ae91d7eacb260377,
drs://nci-crdc.datacommons.io/dg.4DFC/483b1dc4-9582-484b-a2e8-8f92376cd6d4,6109-AS-27_S1_L005_R1_001.fastq.gz,HTA11_6801,64ccec1b062fa5ba88807ee6397cf1d4,
drs://nci-crdc.datacommons.io/dg.4DFC/cd8c6e9d-ea99-44f4-b8a2-e2f723c30ead,5234-AS-36-AATCCTTACC-TTCGCCACAC_S01_L005_R1_001.fastq.gz,HTA11_866,7b4b962ed4773983640ab63c4ea75b91,
drs://nci-crdc.datacommons.io/dg.4DFC/528ecfad-8755-4bb3-a486-b2cc72f70970,6109-AS-8_S1_L005_R2_001.fastq.gz,HTA11_5212,9c84acb5d4b669886ab0706220169468,
drs://nci-crdc.datacommons.io/dg.4DFC/bd4d8a77-627b-4ca5-abcf-54ff783a5cd9,6205-AS-7_S1_L005_R1_001.fastq.gz,HTA11_99999974143,c6bbb3cbc9b5d9e53342101a81d21a45,
drs://nci-crdc.datacommons.io/dg.4DFC/391c84eb-8f3d-4793-be41-8b3e3f9bf97c,5234-AS-56-GAGCTGTATA-CCAGGAGTAC_S01_L005_R2_001.fastq.gz,HTA11_3331,5741c100773e8ea7fe3e1c21d6a39bd5,
drs://nci-crdc.datacommons.io/dg.4DFC/b9681ad7-097e-4e44-a6cd-1438a069a114,HLLJWDSXY_AGCGTTGTAG-TAGAAGATCG_L003_R1.fastq.gz,HTA12_22,15f5cbdd0135f1d58094e3d0cb56b385,
drs://nci-crdc.datacommons.io/dg.4DFC/b75f11c7-6b25-4804-8e29-54a00322ba6c,WD84597.rmdup.indel.recal.bam,HTA11_99999955474,aa91c3bf277895d349a2726aff54c3fb,
drs://nci-crdc.datacommons.io/dg.4DFC/ab21238d-3b13-4e1a-9de8-7962b63dcfc4,6109-AS-3_S1_L005_R1_001.fastq.gz,HTA11_3331,595122c8b6808f602523660f6900d91e,
drs://nci-crdc.datacommons.io/dg.4DFC/0cd89079-77d8-49aa-8315-702028b13980,HVMCYDSXY_CAGGTGCTCA-TAGTCATCCG_L001_R2.fastq.gz,HTA12_24,4cdef0896c85bda17937c1bcc11b693a,
drs://nci-crdc.datacommons.io/dg.4DFC/45e7328a-d8b2-4bc0-a2e6-1573c2b20d84,5813-AS-11_S1_L005_R2_001.fastq.gz,HTA11_99999959180,cdd7740fab55f244f65c9a03d97b6236,
drs://nci-crdc.datacommons.io/dg.4DFC/8dcf1970-5373-4221-8cf5-d32ab1d3b7a0,5234-AS-49-CTTGTCGTCG-TTCCTTCGAG_S01_L005_R1_001.fastq.gz,HTA11_2235,e18a0e511978715b39265055208b134b,
drs://nci-crdc.datacommons.io/dg.4DFC/3adcc481-6ae6-4b1e-a23a-d1d2ad8dc03b,5813-AS-19_S1_L005_R1_001.fastq.gz,HTA11_99999949347,06b094bcd0b3fe55a4d46dbb7051216f,
drs://nci-crdc.datacommons.io/dg.4DFC/de920aa5-530d-4e2d-823d-3cdb0697a49f,5813-AS-18_S1_L005_R1_001.fastq.gz,HTA11_9999991586,8e115ecbf5a6ee4084ac186fb58c0381,
drs://nci-crdc.datacommons.io/dg.4DFC/b18ff800-f597-49fd-957f-8eb3533a6062,5017-AS-2_S01_L005_R2_001.fastq.gz,HTA11_99999965104,2a73dc6fb2e21e0001e4bcdd3fdd7b47,
drs://nci-crdc.datacommons.io/dg.4DFC/76fa8a88-c433-4946-b040-225b6941a833,5813-AS-1_S1_L005_R2_001.fastq.gz,HTA11_99999967905,9d562aa8ddfc0081466f529a9ea975e3,
drs://nci-crdc.datacommons.io/dg.4DFC/f5c84429-6040-4109-be1b-1c9cbf7a56c7,6109-AS-9_S1_L005_R2_001.fastq.gz,HTA11_5216,127709b0bb58f9255faeadf3a7d4a82c,
drs://nci-crdc.datacommons.io/dg.4DFC/6a63843a-9527-4f02-a1bf-9cea36455d44,6109-AS-16_S1_L005_R2_001.fastq.gz,HTA11_8622,523e13d1ca778b5ba871b19cea4aa7ca,
drs://nci-crdc.datacommons.io/dg.4DFC/6403e899-65ff-46c6-8107-e47b6c203f4c,5234-AS-56-GAGCTGTATA-CCAGGAGTAC_S01_L005_R1_001.fastq.gz,HTA11_3331,57dbff913fc8a0f26f71bcada9ed8adf,
drs://nci-crdc.datacommons.io/dg.4DFC/3ec036a3-ed05-48ec-97e2-2ed5615c3172,5234-AS-46-GAGCTCAGAC-CCAGTTAAGA_S01_L005_R1_001.fastq.gz,HTA11_6025,4868c3ef25aaaee3f4bb2fa1164431ad,
drs://nci-crdc.datacommons.io/dg.4DFC/13197561-9cea-4f4b-9e05-0653f8400146,6205-AS-13_S1_L005_R2_001.fastq.gz,HTA11_99999971662,1c8d23265bb99424c9b97454b9d8ace1,
drs://nci-crdc.datacommons.io/dg.4DFC/75c4b1fa-2ec4-4924-a468-ce17d9d0f227,6109-AS-36_S1_L005_R2_001.fastq.gz,HTA11_7862,c6a2be93040682bfaed6a22c6685791b,
drs://nci-crdc.datacommons.io/dg.4DFC/e63dc79d-8ef2-4a82-aff3-828e92422acc,HLLJWDSXY_GTGCACATGG-ACAGGTTCTT_L003_R2.fastq.gz,HTA12_29,c5472ff9cd01e6abfb7a4b416eca7202,
drs://nci-crdc.datacommons.io/dg.4DFC/588c86bd-713f-49e5-84ca-f5b8191cf06e,5813-AS-25_S1_L005_R2_001.fastq.gz,HTA11_99999931160,2fb9ecb5a15bc6dc74bc2b7c8a80a9f6,
drs://nci-crdc.datacommons.io/dg.4DFC/eafc7bae-cdef-4f23-bd60-06faba35b97b,5017-AS-1_S01_L005_R2_001.fastq.gz,HTA11_99999965104,6a63688aa5d36ab44f069bd301fb36c6,
drs://nci-crdc.datacommons.io/dg.4DFC/c1be538a-f70f-48fc-8624-da724bc8de8c,6205-AS-4_S1_L005_R1_001.fastq.gz,HTA11_99999973899,53b994bb0f55666d2f34c6bf153d925d,
drs://nci-crdc.datacommons.io/dg.4DFC/b318c5f1-58e7-4cfa-9f52-cb24b269f548,6109-AS-11_S1_L005_R2_001.fastq.gz,HTA11_6025,9e147ac8dd08a19fd33f99afb0cc73c2,
drs://nci-crdc.datacommons.io/dg.4DFC/c0caa34b-5ac8-497b-8aa2-6aad5ade7830,6109-AS-19_S1_L005_R2_001.fastq.gz,HTA11_866,b5c594c366140cf1aa1acfa4878863ca,
drs://nci-crdc.datacommons.io/dg.4DFC/c5c88424-b89f-4e0c-af79-b1180c28f277,6205-AS-10_S1_L005_R2_001.fastq.gz,HTA11_7696,89e95cfe090f2a6b20887a155380442f,
drs://nci-crdc.datacommons.io/dg.4DFC/e9479e09-fb13-4649-9683-f7e60139f49c,5813-AS-19_S1_L005_R2_001.fastq.gz,HTA11_99999949347,5b42eaa95c627aeb032a3a10e6322bf8,
drs://nci-crdc.datacommons.io/dg.4DFC/a8c2bf47-2ed5-4247-9f54-11f2336755a5,HLLJWDSXY_CCAGTGGATA-GACAGTCCAC_L003_R2.fastq.gz,HTA12_30,47f3142898a33d44204d0050bccd89df,
drs://nci-crdc.datacommons.io/dg.4DFC/1e00ee39-7868-41e6-ba18-d0d37213dd19,6205-AS-17_S1_L005_R1_001.fastq.gz,HTA11_7696,31a1ca0b006c926c69f69f76aa0563c7,
drs://nci-crdc.datacommons.io/dg.4DFC/a7bc187f-8d86-4e0b-9206-6ab7f257326c,5813-AS-6_S1_L005_R2_001.fastq.gz,HTA11_99999952741,e1820518f2954e9e4c9897252cb87fe3,
drs://nci-crdc.datacommons.io/dg.4DFC/7f89eaf3-ab18-4432-b5b0-fcf57bba43d9,5813-AS-15_S1_L005_R1_001.fastq.gz,HTA11_99999959667,f7ef29a2bf47bbac09578c5fe7e179fc,
drs://nci-crdc.datacommons.io/dg.4DFC/1c7c689c-1867-42b7-8027-17cfbbff9587,6109-AS-1_S1_L005_R2_001.fastq.gz,HTA11_696,af029e86092758b9d2392b2315dfebf7,
drs://nci-crdc.datacommons.io/dg.4DFC/95b6ca17-302d-46a1-bfac-aa8af4ede2d5,6109-AS-26_S1_L005_R2_001.fastq.gz,HTA11_7862,865ed1d7bda3fe2a5da6424b7ab0d2ef,
drs://nci-crdc.datacommons.io/dg.4DFC/1c43b6c8-5a5e-4bd7-ae71-67983941fe1c,6109-AS-15_S1_L005_R1_001.fastq.gz,HTA11_8622,ce37d80242c5498be88b0b5d57cff0cc,
drs://nci-crdc.datacommons.io/dg.4DFC/917c2a2d-b676-4d7f-8fc4-3846b072531d,5813-AS-8_S1_L005_R2_001.fastq.gz,HTA11_99999932541,5a029679b9a8477bef395466afc98003,
drs://nci-crdc.datacommons.io/dg.4DFC/ae424038-74e0-4616-a76c-275457f3d86e,6109-AS-23_S1_L005_R2_001.fastq.gz,HTA11_7663,277e383c678831f9434a59076ea36b7e,
drs://nci-crdc.datacommons.io/dg.4DFC/eb5d5acb-3882-4df6-b762-a8b5cc683e8f,6109-AS-33_S1_L005_R1_001.fastq.gz,HTA11_7663,91bdbd974f8d0a0074c45af818f7a612,
drs://nci-crdc.datacommons.io/dg.4DFC/cf14c2c4-81a3-48c1-b67f-4dd5fdda22b4,6109-AS-12_S1_L005_R2_001.fastq.gz,HTA11_6134,e108b75b30426cc84a58284ee01554ef,
drs://nci-crdc.datacommons.io/dg.4DFC/cad9d56f-b870-41af-b46e-137ce5fdae78,6109-AS-23_S1_L005_R1_001.fastq.gz,HTA11_7663,039163800be1a9a86bf9734c4ad9f890,
drs://nci-crdc.datacommons.io/dg.4DFC/d4478495-eddc-4ec2-9e7f-7d1020065069,6109-AS-5_S1_L005_R2_001.fastq.gz,HTA11_4255,031e570611173f4717c876d511d8ee06,
drs://nci-crdc.datacommons.io/dg.4DFC/b19e1151-4f9b-4eb2-886b-ef694ec9299d,5813-AS-10_S1_L005_R2_001.fastq.gz,HTA11_99999966659,3f395ba9d879672d7ad64a18dd5374e2,
drs://nci-crdc.datacommons.io/dg.4DFC/d8b187ff-69ac-4882-be30-f3d6af2f5ca7,5813-AS-21_S1_L005_R1_001.fastq.gz,HTA11_99999957579,6d4a99990be57abaf7b5d57d78ac26d3,
drs://nci-crdc.datacommons.io/dg.4DFC/34dbdded-bc06-4092-8e83-b057be1cedf7,MAP.00866_polyp_6109.rmdup.indel.recal.bam,HTA11_866,0dafd4bcb2dc47ec804014122cef3fa5,
drs://nci-crdc.datacommons.io/dg.4DFC/250cdc69-cdea-464a-b9b6-82388d319011,5813-AS-4_S1_L005_R2_001.fastq.gz,HTA11_99999943360,25b4de07a0ff4b61ca330d583771ce13,
drs://nci-crdc.datacommons.io/dg.4DFC/97c3317a-c1b0-4de9-a45e-d89e0038325a,5234-AS-40-AAGACTACAC-CAATACCTTG_S01_L005_R2_001.fastq.gz,HTA11_4781,58cfa4f70e5a56b40d0ab190fe409c99,
drs://nci-crdc.datacommons.io/dg.4DFC/dafc2a8a-d504-4364-90e2-9ad3d74c2bce,6205-AS-14_S1_L005_R1_001.fastq.gz,HTA11_99999973899,3b49a892276953b88ac450196df812de,
drs://nci-crdc.datacommons.io/dg.4DFC/2614b054-c670-410f-bc30-7b9729082e0c,HVMCYDSXY_CCAGGAACCA-ATGCATCAGA_L001_R2.fastq.gz,HTA12_26,f18b657bc3cd935c51a7af2581227278,
drs://nci-crdc.datacommons.io/dg.4DFC/73a6e937-30ba-447d-8b1e-a37de3b040b5,6109-AS-10_S1_L005_R1_001.fastq.gz,HTA11_5363,1b8069575fccc561021ceab3a057258e,
drs://nci-crdc.datacommons.io/dg.4DFC/dd2697fd-dee4-4896-a6db-8ca00f3e25e5,5234-AS-70-GTTGCATCAA-TTCAACTCGA_S01_L005_R2_001.fastq.gz,HTA11_2487,43006fc5f0c5f603d666299c36c6f1dc,
drs://nci-crdc.datacommons.io/dg.4DFC/3c094363-fe8f-43a8-88c6-7d85111f53de,5813-AS-26_S1_L005_R1_001.fastq.gz,HTA11_99999937744,4c185e60b3bb3028f242c74986c78688,
drs://nci-crdc.datacommons.io/dg.4DFC/0c16d8bb-7db7-4249-a08c-67b03e1a6e5b,5234-AS-55-AAGGAAGGAA-CGGAATCGTG_S01_L005_R2_001.fastq.gz,HTA11_2487,36466826052707828ede3f14317907cf,
drs://nci-crdc.datacommons.io/dg.4DFC/132f8cb2-020d-4404-bf07-9a9030c2fde9,5813-AS-15_S1_L005_R2_001.fastq.gz,HTA11_99999959667,c02b4a8a97559418978ce9a122ba35a2,
drs://nci-crdc.datacommons.io/dg.4DFC/5f3ff0a2-ca93-4444-9ab5-3fa22ba43722,6109-AS-6_S1_L005_R1_001.fastq.gz,HTA11_4781,4b0b3a523c8139bdfc3d0a8b81c877e4,
drs://nci-crdc.datacommons.io/dg.4DFC/c821ccc3-33ad-4728-924e-7b3e2be0ce8a,HLLJWDSXY_AGGTCGATAA-TGGAATACCA_L002_R1.fastq.gz,HTA12_23,00cb1af5e173a7628a863413f864910a,
drs://nci-crdc.datacommons.io/dg.4DFC/4765bbe7-2d74-406f-b77b-0f27ee33d06a,6109-AS-13_S1_L005_R1_001.fastq.gz,HTA11_6310,ee241d832585e60dd5b6272c9aa9bcef,
drs://nci-crdc.datacommons.io/dg.4DFC/d2e7901d-4665-460e-8013-5db0c376b21a,6109-AS-29_S1_L005_R2_001.fastq.gz,HTA11_866,5fc0889af6a42de6712df35d23250d96,
drs://nci-crdc.datacommons.io/dg.4DFC/5e7eb9d1-1dea-45d9-aa2d-4e0cfeadc08d,5234-AS-68-CTCACCAGAA-GAACCTGACC_S01_L005_R2_001.fastq.gz,HTA11_866,737cf83571010a394910d6624eea77aa,
drs://nci-crdc.datacommons.io/dg.4DFC/4cc81b36-f352-41a2-a0fe-aeeb95ee37a2,5234-AS-41-TTGGAGCCTG-AGGTGTCCGT_S01_L005_R1_001.fastq.gz,HTA11_5216,dc395bcd5a86871c27234cba42331355,
drs://nci-crdc.datacommons.io/dg.4DFC/eb15d5bd-f5db-4770-a73b-0293576f45d1,6109-AS-27_S1_L005_R2_001.fastq.gz,HTA11_6801,0ac76ad078f6cf1a51e823692056054b,
drs://nci-crdc.datacommons.io/dg.4DFC/f3e190d5-97ae-435b-a98d-bb917a372839,5234-AS-57-CAGAAGATGG-TTCTCCGGAA_S01_L005_R2_001.fastq.gz,HTA11_5363,8b436ea4e2969513ebe2f91892245b44,
drs://nci-crdc.datacommons.io/dg.4DFC/81023bc6-0585-4d10-b700-04b89024bb9c,5813-AS-25_S1_L005_R1_001.fastq.gz,HTA11_99999931160,c7ed2cc65458ce8ef1c89d359eb7c16d,
drs://nci-crdc.datacommons.io/dg.4DFC/fb4e4746-1570-4589-9a7f-0eb42bfd0b0a,HLLJWDSXY_AAGAGTACGA-GAACACTATC_L003_R1.fastq.gz,HTA12_31,8ff90b73cff0696f0e89b67daad32c23,
drs://nci-crdc.datacommons.io/dg.4DFC/41411b54-c083-43c4-9512-eae3c52e640d,6109-AS-31_S1_L005_R1_001.fastq.gz,HTA11_8920,9fd46a4690b85185b1e7866aef9c8602,
drs://nci-crdc.datacommons.io/dg.4DFC/d314cbb6-b6f9-4ddd-97bc-d50d4aec94bc,5234-AS-62-CGCATCACCT-GATAGACAGT_S01_L005_R1_001.fastq.gz,HTA11_5212,334dcaa9dc55f515fb3345bb0d7a5c87,
drs://nci-crdc.datacommons.io/dg.4DFC/ab27c9bd-d202-43e9-b9e5-77b2ab1a4f94,6109-AS-9_S1_L005_R1_001.fastq.gz,HTA11_5216,9a98869e17e625ba7240ded5052dfd04,
drs://nci-crdc.datacommons.io/dg.4DFC/92447828-0552-4121-a3c7-0913396ecd24,5234-AS-37-TGTAGACGAA-AAGTATGCGT_S01_L005_R2_001.fastq.gz,HTA11_6134,276ff7c222c549036d374dda9049da51,
drs://nci-crdc.datacommons.io/dg.4DFC/a3558c18-67f8-4a3d-8f89-52c9367018b0,6109-AS-28_S1_L005_R1_001.fastq.gz,HTA11_3918,41dd80234d7402d706c25a8444a5eb32,
drs://nci-crdc.datacommons.io/dg.4DFC/3478487d-fc7d-49a1-b588-4c595f1e00fa,HLLJWDSXY_GTCCTTAGTG-GCATCTTCTT_L002_R1.fastq.gz,HTA12_31,a68dab960023dff15d255bd03fbdc968,
drs://nci-crdc.datacommons.io/dg.4DFC/154c813e-1694-4744-8862-14c6763cdff6,5234-AS-67-ATCCTTGTAC-AAGCCTGTTA_S01_L005_R2_001.fastq.gz,HTA11_1938,f765fd64327e6a09201e89a087d5c17b,
drs://nci-crdc.datacommons.io/dg.4DFC/83c567e8-f8db-4698-bdd8-7aa506ac532d,5813-AS-5_S1_L005_R2_001.fastq.gz,HTA11_99999915775,c56000a2945010db389026726d58d0af,
drs://nci-crdc.datacommons.io/dg.4DFC/cf4e994c-b0bc-4581-bd7e-2495260e2a95,HLLJWDSXY_AAGAGTACGA-GAACACTATC_L003_R2.fastq.gz,HTA12_31,0ed1f191d28acb751a9f4c6dec4d5536,
drs://nci-crdc.datacommons.io/dg.4DFC/a1a6b68c-1fff-4213-8c50-35908145e092,6109-AS-25_S1_L005_R2_001.fastq.gz,HTA11_10167,827a278f771236687946502168582126,
drs://nci-crdc.datacommons.io/dg.4DFC/8a2a2663-8ede-482f-99aa-dbe8c9428d7b,6109-AS-20_S1_L005_R2_001.fastq.gz,HTA11_10623,4adf9ac294049e4bd96858b1ec1925bc,
drs://nci-crdc.datacommons.io/dg.4DFC/21d22e53-81ba-45cc-83d4-cb9eb9077ed4,HVMCYDSXY_GCGTGGACAA-CTCTTAGTAG_L001_R1.fastq.gz,HTA12_22,88146203eb56880d99b4e11f02782904,
drs://nci-crdc.datacommons.io/dg.4DFC/cff6dc5e-9cf0-4584-8a3b-b1a346a7b34c,6109-AS-11_S1_L005_R1_001.fastq.gz,HTA11_6025,2a343a60ea86a324b48f3d517a49df77,
drs://nci-crdc.datacommons.io/dg.4DFC/84e837eb-4799-4dc3-8ae2-792b994242fb,5234-AS-49-CTTGTCGTCG-TTCCTTCGAG_S01_L005_R2_001.fastq.gz,HTA11_2235,de9a5ea1bca05e938e6da081fc38fe5c,
drs://nci-crdc.datacommons.io/dg.4DFC/c85438e2-ecfd-4128-a244-6af8557d9331,HLLJWDSXY_TCCGGCTGTA-GATTCACGAC_L003_R1.fastq.gz,HTA12_29,25f79e62c09540ef45b1d737046b826a,
drs://nci-crdc.datacommons.io/dg.4DFC/9d1f311c-2c4c-4426-b356-221daaffee3a,5234-AS-67-ATCCTTGTAC-AAGCCTGTTA_S01_L005_R1_001.fastq.gz,HTA11_1938,f87b0b433ecce88814f3962bbdc2670c,
drs://nci-crdc.datacommons.io/dg.4DFC/90385157-d8ae-41cf-9a83-200e90b0d813,6109-AS-5_S1_L005_R1_001.fastq.gz,HTA11_4255,0f822c569f90d69971aaf163d6ecee3a,
drs://nci-crdc.datacommons.io/dg.4DFC/a5645159-bf3b-479f-89a4-c448f043dbd6,HVMCYDSXY_GCGTGGACAA-CTCTTAGTAG_L001_R2.fastq.gz,HTA12_22,0d62c12c6514d5f3184544b9ee1ee34c,
drs://nci-crdc.datacommons.io/dg.4DFC/d821f963-0b47-44cb-bed3-441140a7bd34,5813-AS-7_S1_L005_R1_001.fastq.gz,HTA11_99999933430,3ff4f96045bf5eb1d1aec87f5b1bc580,
drs://nci-crdc.datacommons.io/dg.4DFC/421bcc97-beba-4c3c-8ca8-8348bb87cd76,5813-AS-24_S1_L005_R2_001.fastq.gz,HTA11_99999950679,ddb49adf82ad3870254c2f0fa49688a0,
drs://nci-crdc.datacommons.io/dg.4DFC/20f8d783-fadf-4af7-b1be-2e52af5ca89f,5234-AS-50-AGTCAATTGG-CAAGACCAGC_S01_L005_R1_001.fastq.gz,HTA11_6147,d2d6e4940353ee2b244ad6f7e129472a,
drs://nci-crdc.datacommons.io/dg.4DFC/5a96a281-6ccd-460e-a6d4-ac26c0a5ccc3,6205-AS-12_S1_L005_R2_001.fastq.gz,HTA11_99999971662,e603e492a88d2e1b068f61503969a809,
drs://nci-crdc.datacommons.io/dg.4DFC/2a720603-48ab-44d6-92a4-fb25461b41e7,HLLJWDSXY_AGGTCGATAA-TGGAATACCA_L002_R2.fastq.gz,HTA12_23,2c379a58865e2ffda416dcf4a53dd5e5,
drs://nci-crdc.datacommons.io/dg.4DFC/c0a6e37e-294c-4d17-829b-5f900e23dd6b,5813-AS-2_S1_L005_R1_001.fastq.gz,HTA11_99999954273,f3adc500b2f96d5f2b0676864deabeb8,
drs://nci-crdc.datacommons.io/dg.4DFC/6ad82f28-3407-4148-9725-774e111432c0,6205-AS-12_S1_L005_R1_001.fastq.gz,HTA11_99999971662,253f4837f4027a3b142f4d4ac722e6d6,
drs://nci-crdc.datacommons.io/dg.4DFC/93d428a9-6b6d-42cd-8282-cb6222b125b0,6109-AS-30_S1_L005_R2_001.fastq.gz,HTA11_10623,7c3caa7212558ece4b80dfab567b7def,
drs://nci-crdc.datacommons.io/dg.4DFC/7fecf04f-a314-4bf7-86e0-34dbea2e0ac5,HVMCYDSXY_GCGCCATATA-TGTCTTCATC_L001_R1.fastq.gz,HTA12_25,314e29c623bc330857538946dc7eb362,
drs://nci-crdc.datacommons.io/dg.4DFC/c63e61e8-c167-4f0d-8b9b-7944991315af,6109-AS-24_S1_L005_R2_001.fastq.gz,HTA11_10711,359172fc541297c650149a6b13a34c1f,
drs://nci-crdc.datacommons.io/dg.4DFC/3a907df0-2112-413b-b61f-07dc78837c15,HLLJWDSXY_TCGTTCGTAA-TATGGTGATG_L002_R1.fastq.gz,HTA12_27,85f74cfe2cbc9887cf02b52f90373a80,
drs://nci-crdc.datacommons.io/dg.4DFC/33ca22e6-a02c-4618-9b26-57d4bb7f2596,HVMCYDSXY_AGCGTTGTAG-TAGAAGATCG_L001_R1.fastq.gz,HTA12_27,e1bce8e527e7d35d08cc32400746c9c0,
drs://nci-crdc.datacommons.io/dg.4DFC/aa1cae5e-95bc-4643-8a9a-9251e45c97d2,5234-AS-66-GTTGCATCAA-TTCAACTCGA_S01_L005_R2_001.fastq.gz,HTA11_99999970781,a0232681fc213bd1965e9d4b2d8e9df5,
drs://nci-crdc.datacommons.io/dg.4DFC/6516e96d-a843-4bee-915c-544129555dbe,5813-AS-18_S1_L005_R2_001.fastq.gz,HTA11_9999991586,223684befb35483d58d4921f66621399,
drs://nci-crdc.datacommons.io/dg.4DFC/e18e4e1e-6a10-41a6-a9f2-cc3a82c7bd05,5017-AS-1_S01_L005_R1_001.fastq.gz,HTA11_99999965104,e4bbffea6870fa3603fe7d1e1f27f28d,
drs://nci-crdc.datacommons.io/dg.4DFC/16932c6d-639a-4386-8e3e-246b0abdabaf,6109-AS-6_S1_L005_R2_001.fastq.gz,HTA11_4781,eacd83eacd725c6a625c4710f754d394,
drs://nci-crdc.datacommons.io/dg.4DFC/fa8b58b0-0f45-4ea4-8e76-20891999dad5,6109-AS-2_S1_L005_R2_001.fastq.gz,HTA11_1391,1cea8d0ff98763a241366505ca6c82d3,
drs://nci-crdc.datacommons.io/dg.4DFC/40b320b9-739b-421c-beea-b6e05ae4498a,5234-AS-70-GTTGCATCAA-TTCAACTCGA_S01_L005_R1_001.fastq.gz,HTA11_2487,942e16c7ed3ee92c63ac7ab15bc89d97,
drs://nci-crdc.datacommons.io/dg.4DFC/2e2295a0-7e90-4703-843d-50d96030b8db,HLLJWDSXY_AAGCAGGCTC-GAGTAACCTT_L002_R2.fastq.gz,HTA12_28,cf06b64e8e3ff89449fc42a0ad627c4b,
drs://nci-crdc.datacommons.io/dg.4DFC/2838f146-52a0-441e-9a35-dde20eb20271,6109-AS-35_S1_L005_R2_001.fastq.gz,HTA11_10167,277ea480f12457a05c52b65f11ad8ec7,
drs://nci-crdc.datacommons.io/dg.4DFC/3d36b98e-824c-4da5-af0a-caee9f4dccc5,6109-AS-14_S1_L005_R1_001.fastq.gz,HTA11_6147,848cdab590ea6991d2d48bf2640fcfe7,
drs://nci-crdc.datacommons.io/dg.4DFC/d210f0d1-64cb-4319-9502-0cde412039cf,6109-AS-8_S1_L005_R1_001.fastq.gz,HTA11_5212,bef1f3e3e4b0e2dab5aaa35e6ecd57f6,
drs://nci-crdc.datacommons.io/dg.4DFC/763db01f-86df-41c0-b7f6-0468ec689222,5173-AS-2_S73_R1_001.fastq.gz,HTA11_99999965062,29109e7aa7c8f117fa3f267017dd5c7c,
drs://nci-crdc.datacommons.io/dg.4DFC/dd7ef555-3021-48fc-84fe-7f6d1431274f,5234-AS-51-GATAACTCCG-TAGCCGAATC_S01_L005_R1_001.fastq.gz,HTA11_6310,3a7546b5f093e4c6a9d48ecf1b61c8be,
drs://nci-crdc.datacommons.io/dg.4DFC/f2f95de1-c377-425f-8a9f-ce07d74a9df0,5234-AS-63-ATCCTTGTAC-AAGCCTGTTA_S01_L005_R2_001.fastq.gz,HTA11_696,f4a9175258c5cb53783d93e2987b62c5,
drs://nci-crdc.datacommons.io/dg.4DFC/47b7022c-9d6a-4c45-a2b0-38f21c9297b5,6205-AS-14_S1_L005_R2_001.fastq.gz,HTA11_99999973899,6b3cb49ca5b9a76c4c713acd2d16c92a,
drs://nci-crdc.datacommons.io/dg.4DFC/0cd0ed1a-7ad7-4533-86dd-6726ccb3928d,5234-AS-58-ACCTGGACAA-CGCTTATCTG_S01_L005_R1_001.fastq.gz,HTA11_1391,4348a49821cecd9d0bacfe8fc4ccf8f3,
drs://nci-crdc.datacommons.io/dg.4DFC/71c7387b-39bf-45a5-a300-5acee5a91587,6109-AS-37_S1_L005_R1_001.fastq.gz,HTA11_6801,894113428f830344b922b9620c1a1e0c,
drs://nci-crdc.datacommons.io/dg.4DFC/635beb11-d188-440e-b47a-7e930f254c85,5813-AS-21_S1_L005_R2_001.fastq.gz,HTA11_99999957579,617f3393c99a5187c74db0e7f73fb5ff,
drs://nci-crdc.datacommons.io/dg.4DFC/d04af1b6-9f42-4d39-bd7b-be5a243155e4,5813-AS-20_S1_L005_R2_001.fastq.gz,HTA11_99999930884,c0bf9d7014c98f5d96d2f6076042baca,
drs://nci-crdc.datacommons.io/dg.4DFC/7cbc89c6-0bbf-4051-b159-32c4e6306a24,5234-AS-36-AATCCTTACC-TTCGCCACAC_S01_L005_R2_001.fastq.gz,HTA11_866,c483e8387d092ca4e446e1be6d5392b6,
drs://nci-crdc.datacommons.io/dg.4DFC/728e1e8d-eecf-49be-897a-125c446c510a,HVMCYDSXY_TCGGCCAAGT-ACATTACTCG_L001_R1.fastq.gz,HTA12_25,4958e97fc044c799df788ad7ac8794a6,
drs://nci-crdc.datacommons.io/dg.4DFC/e734a012-80bb-42fc-8b2d-760462bdb65c,5813-AS-13R_S1_L005_R2_001.fastq.gz,HTA11_99999959600,20da2cf709fad88dbb08665ea460aed1,
drs://nci-crdc.datacommons.io/dg.4DFC/43f828bd-02f8-4b0c-bc5c-0ded4933adb3,HLLJWDSXY_TCCGGCTGTA-GATTCACGAC_L003_R2.fastq.gz,HTA12_29,2bf3ddd725d4017aaf2ba1c0b68b7585,
drs://nci-crdc.datacommons.io/dg.4DFC/6860157f-2de0-4537-b099-0853b68e1d10,HLLJWDSXY_AAGCAGGCTC-GAGTAACCTT_L002_R1.fastq.gz,HTA12_28,53a92fedbf277e7807861af40a0c286a,
drs://nci-crdc.datacommons.io/dg.4DFC/e58c2b26-13ce-4224-96c3-8daf91058e44,HVGCTDSXY_CCATGCTCCA-TATACGATGC_L002_R2.fastq.gz,HTA12_26,a824045b6da19d107d5af8a4669866b9,
drs://nci-crdc.datacommons.io/dg.4DFC/7aa4a54e-5aa5-43fb-91ed-ef9fc95df9be,5813-AS-17_S1_L005_R2_001.fastq.gz,HTA11_99999944922,db1d9d7e270ebb055f02788ba3a9d06c,
drs://nci-crdc.datacommons.io/dg.4DFC/c13b0670-028a-4ba3-8290-6b4a8133212d,6109-AS-12_S1_L005_R1_001.fastq.gz,HTA11_6134,af27559bfcf401d336e6dd4c8216bcc5,
drs://nci-crdc.datacommons.io/dg.4DFC/24a911a3-0c49-46e5-bbaf-3968337566ab,6109-AS-4_S1_L005_R2_001.fastq.gz,HTA11_2235,3edd3f3e3b6968d5a966d352cdd262a6,
drs://nci-crdc.datacommons.io/dg.4DFC/4eb446cc-d8c7-4aeb-9922-61c686c862cb,HVGCTDSXY_CCATGCTCCA-TATACGATGC_L002_R1.fastq.gz,HTA12_26,e26bf6c8e67b926b52f32bd3631f1171,
drs://nci-crdc.datacommons.io/dg.4DFC/d825cf6c-30a6-4337-88dc-1a2b274253fa,5234-AS-65-TTAAGGTCGG-CTCTTAGATG_S01_L005_R1_001.fastq.gz,HTA11_99999970781,680aad8e0fbc1093d780fc21300f8daa,
drs://nci-crdc.datacommons.io/dg.4DFC/28bc9b14-b010-430b-9933-0068cd2df01f,5813-AS-5_S1_L005_R1_001.fastq.gz,HTA11_99999915775,3829be10f962dde9aa15986b9edeb5dc,
drs://nci-crdc.datacommons.io/dg.4DFC/52039a44-a7cf-43a2-bf14-2b353de8638e,5813-AS-14R_S1_L005_R1_001.fastq.gz,HTA11_99999954617,06299e5e9a68b69db135f2d396967c44,
drs://nci-crdc.datacommons.io/dg.4DFC/37b3f88d-4ce8-42bd-8a33-dfa2cd10e091,6109-AS-36_S1_L005_R1_001.fastq.gz,HTA11_7862,85bcd1657a4249fdb33ad2402382ef1a,
drs://nci-crdc.datacommons.io/dg.4DFC/8df11b9a-70a6-4ea2-a27f-b74c0bb4610c,5234-AS-60-AATCTAGGCC-ACAGCGTGTG_S01_L005_R2_001.fastq.gz,HTA11_347,6caa9dc36addfb2a951424ad7e1db6cc,
drs://nci-crdc.datacommons.io/dg.4DFC/ff0933be-fc86-4abf-84fd-9272414eae98,HLLJWDSXY_TCGTTCGTAA-TATGGTGATG_L002_R2.fastq.gz,HTA12_27,b7e258e21b76a8dcb36081cf2967609b,
drs://nci-crdc.datacommons.io/dg.4DFC/01151340-69c2-400f-9833-cea3c45b82d3,HLLJWDSXY_CCATGCAGTT-GCACCTGATC_L002_R1.fastq.gz,HTA12_23,9345d0aa472f3f65ad93d6bfe7c0e007,
drs://nci-crdc.datacommons.io/dg.4DFC/20e3ba8f-1773-44c6-8522-a84f5fd241bc,HVMCYDSXY_CAGGTGCTCA-TAGTCATCCG_L001_R1.fastq.gz,HTA12_24,d49ce553c8974885ccc4223e9d1d8196,
drs://nci-crdc.datacommons.io/dg.4DFC/0c98496f-a56f-4127-af68-7ecab69fcda2,5017-AS-2_S01_L005_R1_001.fastq.gz,HTA11_99999965104,3169df1221a2c3fd97396626a0685eaa,
drs://nci-crdc.datacommons.io/dg.4DFC/c1d1d53b-11eb-443b-8de0-eb54e74c09d6,HLLJWDSXY_TCTAGACAGG-GCGATTAGAA_L002_R1.fastq.gz,HTA12_30,fa36a0f6d29552e4ea977ad88da8a240,
drs://nci-crdc.datacommons.io/dg.4DFC/898b9158-90e1-4477-b443-80991e11999a,6109-AS-15_S1_L005_R2_001.fastq.gz,HTA11_8622,e7992a8c7f30fb183979d76cb484cde6,
drs://nci-crdc.datacommons.io/dg.4DFC/d9cf9363-932d-4fd4-9e6a-b82d35fff641,6109-AS-19_S1_L005_R1_001.fastq.gz,HTA11_866,a4a6380acfeecda02467a0381a78c78a,
drs://nci-crdc.datacommons.io/dg.4DFC/a87f39c0-06cf-4791-94c9-24d6adf3abc8,5813-AS-12R_S1_L005_R2_001.fastq.gz,HTA11_99999959460,376ff06aa7826e256bffef8bbe58a0ce,
drs://nci-crdc.datacommons.io/dg.4DFC/1b3a6c75-471a-4093-bf70-c6b20386da30,5813-AS-23_S1_L005_R2_001.fastq.gz,HTA11_99999916984,4d01c14b08cbbb452d34f8e4d53ab5ca,
drs://nci-crdc.datacommons.io/dg.4DFC/48c12b06-f4ad-4355-8a68-1b74518dd9ab,HFWW5DSXY_AACCTGCATA-GCATAACGTA_L001_R2.fastq.gz,HTA12_24,e91a10523e0a714fe24e3aacb023885e,
drs://nci-crdc.datacommons.io/dg.4DFC/2b86a09d-997c-4647-8356-dc20e1a12b4c,5234-AS-60-AATCTAGGCC-ACAGCGTGTG_S01_L005_R1_001.fastq.gz,HTA11_347,d3a21f5692f827a64055394e4552a913,
drs://nci-crdc.datacommons.io/dg.4DFC/64bbbd9d-67ab-4c1b-8ea5-64091cf231e9,5234-AS-66-GTTGCATCAA-TTCAACTCGA_S01_L005_R1_001.fastq.gz,HTA11_99999970781,3ab59e96b3ea14d4c8fa0d3da44c3494,
drs://nci-crdc.datacommons.io/dg.4DFC/ba3d3bdf-b758-4deb-834b-b8bb4ac77baf,6205-AS-6_S1_L005_R2_001.fastq.gz,HTA11_99999974143,59fa79dd82eba44df8bd314e3c7fa32f,
drs://nci-crdc.datacommons.io/dg.4DFC/5c0d0fdb-a9a2-43ab-b25c-e9912bce3a56,HLLJWDSXY_AGCGTTGTAG-TAGAAGATCG_L003_R2.fastq.gz,HTA12_22,c155fa7fb6df18289c2893b7c9158934,
drs://nci-crdc.datacommons.io/dg.4DFC/cb1abadf-e4f3-4ecb-a20a-a547171388ad,5234-AS-63-ATCCTTGTAC-AAGCCTGTTA_S01_L005_R1_001.fastq.gz,HTA11_696,ca34a3e52b1b4b7ba28bd44311c26447,
drs://nci-crdc.datacommons.io/dg.4DFC/5cd6bb0f-b261-49b4-8dc1-34454d27fedf,6205-AS-17_S1_L005_R2_001.fastq.gz,HTA11_7696,b771068e9d514232b1b3156b29f16937,
drs://nci-crdc.datacommons.io/dg.4DFC/2be053d5-d602-4896-8614-1d92f48a6e10,6109-AS-31_S1_L005_R2_001.fastq.gz,HTA11_8920,48acd1e4cc14e9e654d2633e3fec06da,
drs://nci-crdc.datacommons.io/dg.4DFC/47813cee-e0e8-465d-a08e-641644aae835,5813-AS-16_S1_L005_R2_001.fastq.gz,HTA11_99999955474,58fc76d68327a9f99137f1c91ec96a07,
drs://nci-crdc.datacommons.io/dg.4DFC/f9803806-3569-4a2a-a049-60fae4dcf55e,5813-AS-13R_S1_L005_R1_001.fastq.gz,HTA11_99999959600,1f3432717dbab3d40a026bc6390a6f78,
drs://nci-crdc.datacommons.io/dg.4DFC/e1456ee4-c8f7-49be-b501-8ee0e166c261,5234-AS-42-GTCAGCTTAA-GAGCTTGGAC_S01_L005_R1_001.fastq.gz,HTA11_4255,bcae325e4161ca5db6a43677490ebf98,
drs://nci-crdc.datacommons.io/dg.4DFC/3c9e7b47-3872-4b1b-89cb-f3b95cc17d33,6109-AS-25_S1_L005_R1_001.fastq.gz,HTA11_10167,889e61463c0a494ffb033e450609624e,
drs://nci-crdc.datacommons.io/dg.4DFC/5c4bb8fb-ac43-4d19-8338-d33d49dce6dc,5813-AS-24_S1_L005_R1_001.fastq.gz,HTA11_99999950679,b3e805be81fa80757c4619a2ecf4404e,
drs://nci-crdc.datacommons.io/dg.4DFC/55d5f030-bf72-4797-874a-be9c1817ed86,5813-AS-6_S1_L005_R1_001.fastq.gz,HTA11_99999952741,d2c939f1547eb609b4e629d9bb358c1a,
drs://nci-crdc.datacommons.io/dg.4DFC/d4c59742-9f3b-4204-894a-658a80432a97,5234-AS-65-TTAAGGTCGG-CTCTTAGATG_S01_L005_R2_001.fastq.gz,HTA11_99999970781,dceac3726a0bbd519593e46762da22ba,
drs://nci-crdc.datacommons.io/dg.4DFC/f127419b-43b1-43cc-ad0f-620bf5b22846,6205-AS-6_S1_L005_R1_001.fastq.gz,HTA11_99999974143,e0990a97a17c7fa78d2bcb71eeff4549,
drs://nci-crdc.datacommons.io/dg.4DFC/ff5e1e55-609c-4c79-88ae-d9631480188d,6205-AS-13_S1_L005_R1_001.fastq.gz,HTA11_99999971662,3d3ed6f20ddff715416dfa7a8ac8cd2a,
drs://nci-crdc.datacommons.io/dg.4DFC/1026c017-7ec8-42ad-be6c-867d82fca320,HVMCYDSXY_CCAGGAACCA-ATGCATCAGA_L001_R1.fastq.gz,HTA12_26,3d94d23c5d57bb78f6d16dafdc3199d6,
drs://nci-crdc.datacommons.io/dg.4DFC/44321ccb-21ef-4fe9-b120-e87ac73d4405,6109-AS-32_S1_L005_R2_001.fastq.gz,HTA11_9341,32763462ca5e7fa0690f67bcb0bfa7e8,
drs://nci-crdc.datacommons.io/dg.4DFC/24ec87a7-c659-4278-aec3-42792c405ffc,6109-AS-29_S1_L005_R1_001.fastq.gz,HTA11_866,fb03a4e9dd8fde1e46f9becdd4540275,
drs://nci-crdc.datacommons.io/dg.4DFC/3d101b1f-09fd-405a-82d7-ca2e84144e57,6109-AS-16_S1_L005_R1_001.fastq.gz,HTA11_8622,8c650aa7d2e2c9afef99234541fa4bc4,
drs://nci-crdc.datacommons.io/dg.4DFC/6806261a-c586-4a53-942a-5e9fcff41ced,5813-AS-22_S1_L005_R2_001.fastq.gz,HTA11_99999965122,a5579ee5daaaf49c67da39134f9210f9,
drs://nci-crdc.datacommons.io/dg.4DFC/77a39a32-9bf2-492e-bcce-bb5e02e5343f,HVMCYDSXY_GCGCCATATA-TGTCTTCATC_L001_R2.fastq.gz,HTA12_25,83ed6eac0d74cb4be369cf39ac11b5f0,
drs://nci-crdc.datacommons.io/dg.4DFC/ec0de155-1ce8-4603-9fc5-6481b8042cfb,6109-AS-22_S1_L005_R1_001.fastq.gz,HTA11_9341,74195c7775518e8e495af0f198088e74,
drs://nci-crdc.datacommons.io/dg.4DFC/d2081648-cf2f-4841-9ee9-5b32ff937d95,5813-AS-9_S1_L005_R2_001.fastq.gz,HTA11_99999945365,f05abec45055731143fd7ebbbbdf8191,
drs://nci-crdc.datacommons.io/dg.4DFC/f9e8c1b6-2a98-4384-a522-b4eb1f24373d,5173-AS-1_S72_R2_001.fastq.gz,HTA11_99999965062,11532cc44a85bf02daaa91ace6198a1f,
drs://nci-crdc.datacommons.io/dg.4DFC/1aca7caa-6850-4bdd-ab05-ed341a36b6d8,5813-AS-22_S1_L005_R1_001.fastq.gz,HTA11_99999965122,95acbc1b85c8fd886e89ebff9871f080,
drs://nci-crdc.datacommons.io/dg.4DFC/5c31a3c7-64d5-46ac-af4c-35f321c21dcb,6109-AS-22_S1_L005_R2_001.fastq.gz,HTA11_9341,336e42ecc76fb9aa1dbf52f95be9f813,
drs://nci-crdc.datacommons.io/dg.4DFC/c89d5d23-1fd0-4f6d-986f-0d85756e97d7,5234-AS-46-GAGCTCAGAC-CCAGTTAAGA_S01_L005_R2_001.fastq.gz,HTA11_6025,a592d7a2f3db4e3ea07eed1238dda344,
drs://nci-crdc.datacommons.io/dg.4DFC/b6e6d8fd-c85c-4469-baf9-77d9624e9bae,5813-AS-8_S1_L005_R1_001.fastq.gz,HTA11_99999932541,d1167f8c8bdedbab69b5127567d1dd63,
drs://nci-crdc.datacommons.io/dg.4DFC/87e2b506-9ec6-40bd-9d6e-bb9d92e19c0a,6109-AS-33_S1_L005_R2_001.fastq.gz,HTA11_7663,4ad3b34ba0f6123dd66f5facd6bf96dc,
drs://nci-crdc.datacommons.io/dg.4DFC/aaab52b2-6cd4-4227-91b1-7442b34517d3,5813-AS-9_S1_L005_R1_001.fastq.gz,HTA11_99999945365,299d72348fa138a298d6bd00a3f2821c,
drs://nci-crdc.datacommons.io/dg.4DFC/a29aec95-6d43-49aa-93bf-5835b5c5d4f4,6109-AS-30_S1_L005_R1_001.fastq.gz,HTA11_10623,2294722458e85aead426a3bfb77a4a4e,
drs://nci-crdc.datacommons.io/dg.4DFC/fd0e78ab-af67-4a2c-ac3c-993f09651755,6109-AS-20_S1_L005_R1_001.fastq.gz,HTA11_10623,ae3e72552c4b65bdc4a14dcb8f095988,
drs://nci-crdc.datacommons.io/dg.4DFC/98dd552d-c9ac-40f3-9efd-0e06596c4cf6,6109-AS-28_S1_L005_R2_001.fastq.gz,HTA11_3918,75a3ac7e885c58ef4295eff83534938d,
drs://nci-crdc.datacommons.io/dg.4DFC/85542db8-aea2-4495-a518-0d79776e4680,5234-AS-50-AGTCAATTGG-CAAGACCAGC_S01_L005_R2_001.fastq.gz,HTA11_6147,7c30893093a3a7bdc46223f323af1b9d,
drs://nci-crdc.datacommons.io/dg.4DFC/89c88d59-6ab9-4334-bcbc-7b2bbd284416,6109-AS-37_S1_L005_R2_001.fastq.gz,HTA11_6801,fdba744e0207497240ea3f8eac15cea5,
drs://nci-crdc.datacommons.io/dg.4DFC/3730fea9-2fcf-423a-9215-cab6e797de7f,5813-AS-14R_S1_L005_R2_001.fastq.gz,HTA11_99999954617,8b4bf52ee2619dac3ca8c87556c101d5,
drs://nci-crdc.datacommons.io/dg.4DFC/8edf3435-f797-4840-829a-6d271bfa4d36,6109-AS-1_S1_L005_R1_001.fastq.gz,HTA11_696,0149dc1cb3dbc53fc2a22b5f9622378b,
drs://nci-crdc.datacommons.io/dg.4DFC/4c4fa3a6-0c1e-4854-8a26-6cd6fee412a7,5813-AS-11_S1_L005_R1_001.fastq.gz,HTA11_99999959180,2225d298df7d7b942a32767c85b5503e,
drs://nci-crdc.datacommons.io/dg.4DFC/2c4b65b1-590c-463c-b49a-e8d7b9d13e62,6109-AS-26_S1_L005_R1_001.fastq.gz,HTA11_7862,15ffc1c657a6335897b3da25c8af5796,
drs://nci-crdc.datacommons.io/dg.4DFC/2a7b45f4-34b4-4412-b248-af78d3bd0ae6,5813-AS-17_S1_L005_R1_001.fastq.gz,HTA11_99999944922,efc2937e206d947a2e4e5c909f18ac4a,
drs://nci-crdc.datacommons.io/dg.4DFC/073319cd-6b07-4588-9fdd-f67b309edf53,HLLJWDSXY_CCATGCAGTT-GCACCTGATC_L002_R2.fastq.gz,HTA12_23,5b55a183925b51465fc799445bf2ed11,
drs://nci-crdc.datacommons.io/dg.4DFC/55bda2af-9c92-4e78-b5a4-0a8fac071a82,6109-AS-3_S1_L005_R2_001.fastq.gz,HTA11_3331,6cba5d8ec4ad5362d3cd37588c442db9,
drs://nci-crdc.datacommons.io/dg.4DFC/e686f54a-7dfa-4999-b980-e9dc67db2e26,5813-AS-1_S1_L005_R1_001.fastq.gz,HTA11_99999967905,380dee25841008d1cd9885eaeec0d257,
drs://nci-crdc.datacommons.io/dg.4DFC/f51593b9-6bd0-446a-a318-058cd8235c37,6109-AS-32_S1_L005_R1_001.fastq.gz,HTA11_9341,df5db9e8576ea877f37275e3d5dcdab5,
drs://nci-crdc.datacommons.io/dg.4DFC/3ba20703-1273-4ed0-b2c5-dbebd0353861,6205-AS-7_S1_L005_R2_001.fastq.gz,HTA11_99999974143,e96222b4f6370fec2e273086b13752f8,
drs://nci-crdc.datacommons.io/dg.4DFC/37531456-a276-46e3-8d4f-ef43e9bf89d7,5813-AS-7_S1_L005_R2_001.fastq.gz,HTA11_99999933430,db15e47ca7ebca25f8544d46535be1fa,
drs://nci-crdc.datacommons.io/dg.4DFC/9716d259-d8f2-4803-b602-c2ab38130044,5234-AS-38-GAATGGAGAA-CATACGCCAG_S01_L005_R2_001.fastq.gz,HTA11_1938,15e29b0671c01c46ca1ae304db0da612,
drs://nci-crdc.datacommons.io/dg.4DFC/439e3e6e-714d-4cad-ab86-61e563e42cc4,5234-AS-42-GTCAGCTTAA-GAGCTTGGAC_S01_L005_R2_001.fastq.gz,HTA11_4255,aca7051868571da61165b47bbb03c918,
drs://nci-crdc.datacommons.io/dg.4DFC/cfda9564-fce8-4505-91ea-64c6198ec98c,5234-AS-69-TTAAGGTCGG-CTCTTAGATG_S01_L005_R2_001.fastq.gz,HTA11_347,28b7a9a5ed93070336bd7b8b3c5aca5f,
drs://nci-crdc.datacommons.io/dg.4DFC/aebaffb0-7790-423f-a7dd-d4655cb6e91f,5234-AS-37-TGTAGACGAA-AAGTATGCGT_S01_L005_R1_001.fastq.gz,HTA11_6134,18e4126ea909fba1ffb04ab80006e0c8,
drs://nci-crdc.datacommons.io/dg.4DFC/f8db2d7c-e199-4203-af4a-22fee26cc3b0,5813-AS-16_S1_L005_R1_001.fastq.gz,HTA11_99999955474,4ab41969f76d00565d56002057c3dbe8,
drs://nci-crdc.datacommons.io/dg.4DFC/69f8d855-eb6b-4998-ad7b-7832a3e341eb,5234-AS-68-CTCACCAGAA-GAACCTGACC_S01_L005_R1_001.fastq.gz,HTA11_866,19dd1b398783f9ce4fc7e2b8d6d3570c,
drs://nci-crdc.datacommons.io/dg.4DFC/db336d80-3bd8-4645-9454-554bead19d68,5813-AS-12R_S1_L005_R1_001.fastq.gz,HTA11_99999959460,a49a89e5b318e66ca50ff86595929262,
drs://nci-crdc.datacommons.io/dg.4DFC/289996e0-149b-46d5-af8d-1c53391c6e7c,6109-AS-35_S1_L005_R1_001.fastq.gz,HTA11_10167,64ef3ba0fb1acf099b6b4940936d10d1,
